<?xml version="1.0" encoding="UTF-8"?>
<ar:ApplicationResponse xmlns="urn:oasis:names:specification:ubl:schema:xsd:Invoice-2" xmlns:ar="urn:oasis:names:specification:ubl:schema:xsd:ApplicationResponse-2" xmlns:ext="urn:oasis:names:specification:ubl:schema:xsd:CommonExtensionComponents-2" xmlns:cbc="urn:oasis:names:specification:ubl:schema:xsd:CommonBasicComponents-2" xmlns:cac="urn:oasis:names:specification:ubl:schema:xsd:CommonAggregateComponents-2" xmlns:ds="http://www.w3.org/2000/09/xmldsig#" xmlns:soap="http://schemas.xmlsoap.org/soap/envelope/" xmlns:date="http://exslt.org/dates-and-times" xmlns:sac="urn:sunat:names:specification:ubl:peru:schema:xsd:SunatAggregateComponents-1" xmlns:xs="http://www.w3.org/2001/XMLSchema" xmlns:regexp="http://exslt.org/regular-expressions"><ext:UBLExtensions xmlns=""><ext:UBLExtension><ext:ExtensionContent><Signature xmlns="http://www.w3.org/2000/09/xmldsig#">
<SignedInfo>
  <CanonicalizationMethod Algorithm="http://www.w3.org/2001/10/xml-exc-c14n#WithComments"/>
  <SignatureMethod Algorithm="http://www.w3.org/2001/04/xmldsig-more#rsa-sha512"/>
  <Reference URI="">
    <Transforms>
      <Transform Algorithm="http://www.w3.org/2000/09/xmldsig#enveloped-signature"/>
      <Transform Algorithm="http://www.w3.org/2001/10/xml-exc-c14n#WithComments"/>
    </Transforms>
    <DigestMethod Algorithm="http://www.w3.org/2001/04/xmlenc#sha512"/>
    <DigestValue>QTADOzjBb7B+oFPdCEplEZJa+7bZ9xmRmNG2F2c60FHWAFnEOotQ1bliossDva3PiGn9i4qYV6D0Zp3WC2eIyA==</DigestValue>
  </Reference>
</SignedInfo>
    <SignatureValue>*Private key 'BetaPublicCert' not up*</SignatureValue><KeyInfo><X509Data><X509Certificate>*Named certificate 'BetaPrivateKey' not up*</X509Certificate><X509IssuerSerial><X509IssuerName>*Named certificate 'BetaPrivateKey' not up*</X509IssuerName><X509SerialNumber>*Named certificate 'BetaPrivateKey' not up*</X509SerialNumber></X509IssuerSerial></X509Data></KeyInfo></Signature></ext:ExtensionContent></ext:UBLExtension></ext:UBLExtensions><cbc:UBLVersionID>2.0</cbc:UBLVersionID><cbc:CustomizationID>1.0</cbc:CustomizationID><cbc:ID>1655762803929</cbc:ID><cbc:IssueDate>2022-06-20T22:10:29</cbc:IssueDate><cbc:IssueTime>00:00:00</cbc:IssueTime><cbc:ResponseDate>2022-06-20</cbc:ResponseDate><cbc:ResponseTime>17:06:43</cbc:ResponseTime><cac:Signature><cbc:ID>SignSUNAT</cbc:ID><cac:SignatoryParty><cac:PartyIdentification><cbc:ID>20131312955</cbc:ID></cac:PartyIdentification><cac:PartyName><cbc:Name>SUNAT</cbc:Name></cac:PartyName></cac:SignatoryParty><cac:DigitalSignatureAttachment><cac:ExternalReference><cbc:URI>#SignSUNAT</cbc:URI></cac:ExternalReference></cac:DigitalSignatureAttachment></cac:Signature><cbc:Note>4252 - El dato ingresado como atributo @listName es incorrecto. - INFO: 4252 (nodo: "cbc:InvoiceTypeCode/listName" valor: "SUNAT:Identificador de Tipo de Documento")</cbc:Note><cbc:Note>4255 - El dato ingresado como atributo @schemeName es incorrecto. - INFO: 4255 (nodo: "cbc:ID/schemeName" valor: "SUNAT:Identificador de Documento de Identidad")</cbc:Note><cbc:Note>4332 - El C&#243;digo producto de SUNAT no es v&#225;lido - Error en la linea: 1: 4332: Valor no se encuentra en el catalogo: 25 (nodo: "cac:CommodityClassification/cbc:ItemClassificationCode" valor: "no requerido en factura nacional")</cbc:Note><cbc:Note>4252 - El dato ingresado como atributo @listName es incorrecto. - Error en la linea: 1 Tributo: 1000: 4252 (nodo: "cbc:TaxExemptionReasonCode/listName" valor: "SUNAT:Codigo de Tipo de Afectaci&#243;n del IGV")</cbc:Note><cbc:Note>4255 - El dato ingresado como atributo @schemeName es incorrecto. - Error en la linea: 1 Tributo: 1000: 4255 (nodo: "cbc:ID/schemeName" valor: "Tax Scheme Identifier")</cbc:Note><cbc:Note>4256 - El dato ingresado como atributo @schemeAgencyName es incorrecto. - Error en la linea: 1 Tributo: 1000: 4256 (nodo: "cbc:ID/schemeAgencyName" valor: "United Nations Economic Commission for Europe")</cbc:Note><cac:SenderParty><cac:PartyIdentification><cbc:ID>20131312955</cbc:ID></cac:PartyIdentification></cac:SenderParty><cac:ReceiverParty><cac:PartyIdentification><cbc:ID>20606517859</cbc:ID></cac:PartyIdentification></cac:ReceiverParty><cac:DocumentResponse><cac:Response><cbc:ReferenceID>F002-713</cbc:ReferenceID><cbc:ResponseCode>0</cbc:ResponseCode><cbc:Description>La Factura numero F002-713, ha sido aceptada</cbc:Description></cac:Response><cac:DocumentReference><cbc:ID>F002-713</cbc:ID></cac:DocumentReference><cac:RecipientParty><cac:PartyIdentification><cbc:ID>6-20602388914</cbc:ID></cac:PartyIdentification></cac:RecipientParty></cac:DocumentResponse></ar:ApplicationResponse>